Event_Title,Start_Date,Start_Time,End_Date,End_Time,Category,Tags,Excerpt,Location_Business_Name,Location_Address,Location_City_State_ZIP,Event_URL,Event_Image,Text_Block,Published_Date,Workflow_State
Lightroom Classic Photo Editing Classes -Week 1 of 3 - 7-9,2026-09-07,19:00:00,2026-09-07,21:00:00,"beginners-lightroom,courses-near-me,enrol-date,location-coventry","collections,composition,exporting,exposure,lightroom,photo-critiques,photo-editing,photoshop,Week-1",07/09/2026Coventry - Lightroom photo editing classes - Learn how to use Lightroom Classic on this 3-week course. From the organisation and workflow to editing,Coventry,"45 Hathaway Road, Coventry, England, CV4 9HW, United Kingdom",CV4 9HW,https://www.alanranger.com/beginners-photography-lessons/lightroom-photo-editing-classes-wk1,https://images.squarespace-cdn.com/content/v1/5013f4b2c4aaa4752ac69b17/1675589565448-JHL9406XQ7598QHPOLW5/-LIGHTROOM+COURSE+BLACK.png,,2026-01-12 14:52:34,Published
Lightroom Classic Photo Editing Classes -Week 2 of 3 -14-9,2026-09-14,19:00:00,2026-09-14,21:00:00,"beginners-lightroom,courses-near-me,location-coventry","collections,composition,exporting,exposure,lightroom,photo-critiques,photo-editing,photoshop",14/09/2026Coventry - Lightroom photo editing classes - Learn how to use Lightroom Classic on this 3-week course. From the organisation and workflow to editing,Coventry,"45 Hathaway Road, Coventry, England, CV4 9HW, United Kingdom",CV4 9HW,https://www.alanranger.com/beginners-photography-lessons/lightroom-photo-editing-classes-wk2,https://images.squarespace-cdn.com/content/v1/5013f4b2c4aaa4752ac69b17/1675589565448-JHL9406XQ7598QHPOLW5/-LIGHTROOM+COURSE+BLACK.png,,2026-01-12 14:52:25,Published
Camera Courses For Beginners - Week 1 of 3 - Coventry 17-9,2026-09-17,19:00:00,2026-09-17,21:00:00,"beginners-courses,beginners-photography,courses-near-me,enrol-date,location-coventry","camera-settings,composition,exposure,photo-critiques,dslr-settings,Week-1",17/09/2026Coventry - 3-week camera courses for beginners - Everything to get off Automatic mode and learn how to be more creative with Composition and Camera,Coventry,"45 Hathaway Road, Coventry, England, CV4 9HW, United Kingdom",CV4 9HW,https://www.alanranger.com/beginners-photography-lessons/camera-courses-for-beginners-coventry-w5nkt,https://images.squarespace-cdn.com/content/v1/5013f4b2c4aaa4752ac69b17/1629536412755-A3NEF7ZNBOQ1044I8WVM/beginners-photography-courses.jpg,,2026-04-22 14:22:48,Published
Lightroom Classic Photo Editing Classes -Week 3 of 3 -21-9,2026-09-21,19:00:00,2026-09-21,21:00:00,"beginners-lightroom,courses-near-me,location-coventry","collections,composition,exporting,exposure,lightroom,photo-critiques,photo-editing,photoshop",21/09/2026Coventry - Lightroom photo editing classes - Learn how to use Lightroom Classic on this 3-week course. From the organisation and workflow to editing,Coventry,"45 Hathaway Road, Coventry, England, CV4 9HW, United Kingdom",CV4 9HW,https://www.alanranger.com/beginners-photography-lessons/lightroom-photo-editing-classes-wk3,https://images.squarespace-cdn.com/content/v1/5013f4b2c4aaa4752ac69b17/1675589565448-JHL9406XQ7598QHPOLW5/-LIGHTROOM+COURSE+BLACK.png,,2026-01-12 14:52:16,Published
Camera Courses For Beginners - Week 1 of 3 - Coventry 22-9,2026-09-22,19:00:00,2026-09-22,21:00:00,"beginners-courses,beginners-photography,courses-near-me,enrol-date,location-coventry","camera-settings,composition,exposure,photo-critiques,dslr-settings,Week-1",22/09/2026Coventry - 3-week camera courses for beginners - Everything to get off Automatic mode and learn how to be more creative with Composition and Camera,Coventry,"45 Hathaway Road, Coventry, England, CV4 9HW, United Kingdom",CV4 9HW,https://www.alanranger.com/beginners-photography-lessons/camera-courses-for-beginners-coventry-8ar5x,https://images.squarespace-cdn.com/content/v1/5013f4b2c4aaa4752ac69b17/1629536412755-A3NEF7ZNBOQ1044I8WVM/beginners-photography-courses.jpg,,2026-04-22 14:23:30,Published
Camera Courses For Beginners - Week 2 of 3 - Coventry 24-9,2026-09-24,19:00:00,2026-09-24,21:00:00,"beginners-courses,beginners-photography,courses-near-me,location-coventry","camera-settings,composition,exposure,photo-critiques,dslr-settings,Week 2",24/09/2026Coventry - 3-week camera courses for beginners - Everything to get off Automatic mode and learn how to be more creative with Composition and Camera,Coventry,"45 Hathaway Road, Coventry, England, CV4 9HW, United Kingdom",CV4 9HW,https://www.alanranger.com/beginners-photography-lessons/camera-courses-for-beginners-coventry-dhecf,https://images.squarespace-cdn.com/content/v1/5013f4b2c4aaa4752ac69b17/1629536412755-A3NEF7ZNBOQ1044I8WVM/beginners-photography-courses.jpg,,2026-04-22 14:22:38,Published
Camera Courses For Beginners - Week 2 of 3 - Coventry 29-9,2026-09-29,19:00:00,2026-09-29,21:00:00,"beginners-courses,beginners-photography,courses-near-me,location-coventry","camera-settings,composition,exposure,photo-critiques,dslr-settings,Week 2",29/09/2026Coventry - 3-week camera courses for beginners - Everything to get off Automatic mode and learn how to be more creative with Composition and Camera,Coventry,"45 Hathaway Road, Coventry, England, CV4 9HW, United Kingdom",CV4 9HW,https://www.alanranger.com/beginners-photography-lessons/camera-courses-for-beginners-coventry-dfe,https://images.squarespace-cdn.com/content/v1/5013f4b2c4aaa4752ac69b17/1629536412755-A3NEF7ZNBOQ1044I8WVM/beginners-photography-courses.jpg,,2026-04-22 14:23:54,Published
Camera Courses For Beginners - Week 3 of 3 - Coventry 1-10,2026-10-01,19:00:00,2026-10-01,21:00:00,"beginners-courses,beginners-photography,courses-near-me,location-coventry","camera-settings,composition,exposure,photo-critiques,dslr-settings",01/10/2026Coventry - 3-week camera courses for beginners - Everything to get off Automatic mode and learn how to be more creative with Composition and Camera,Coventry,"45 Hathaway Road, Coventry, England, CV4 9HW, United Kingdom",CV4 9HW,https://www.alanranger.com/beginners-photography-lessons/camera-courses-for-beginners-coventry-nzwzx,https://images.squarespace-cdn.com/content/v1/5013f4b2c4aaa4752ac69b17/1629536412755-A3NEF7ZNBOQ1044I8WVM/beginners-photography-courses.jpg,,2026-04-22 14:22:30,Published
Camera Courses For Beginners - Week 3 of 3 - Coventry 6-10,2026-10-06,19:00:00,2026-10-06,21:00:00,"beginners-courses,beginners-photography,courses-near-me,location-coventry","camera-settings,composition,exposure,photo-critiques,dslr-settings,Week 2",06/10/2026Coventry - 3-week camera courses for beginners - Everything to get off Automatic mode and learn how to be more creative with Composition and Camera,Coventry,"45 Hathaway Road, Coventry, England, CV4 9HW, United Kingdom",CV4 9HW,https://www.alanranger.com/beginners-photography-lessons/camera-courses-for-beginners-coventry-3yj3h,https://images.squarespace-cdn.com/content/v1/5013f4b2c4aaa4752ac69b17/1629536412755-A3NEF7ZNBOQ1044I8WVM/beginners-photography-courses.jpg,,2026-05-13 13:29:30,Published
Camera Courses For Beginners - Week 1 of 3 - Coventry 12-10,2026-10-12,19:00:00,2026-10-12,21:00:00,"beginners-courses,beginners-photography,courses-near-me,enrol-date,location-coventry","camera-settings,composition,exposure,photo-critiques,dslr-settings,Week-1",12/10/2026Coventry - 3-week camera courses for beginners - Everything to get off Automatic mode and learn how to be more creative with Composition and Camera,Coventry,"45 Hathaway Road, Coventry, England, CV4 9HW, United Kingdom",CV4 9HW,https://www.alanranger.com/beginners-photography-lessons/camera-courses-for-beginners-coventry-zbcfe,https://images.squarespace-cdn.com/content/v1/5013f4b2c4aaa4752ac69b17/1629536412755-A3NEF7ZNBOQ1044I8WVM/beginners-photography-courses.jpg,,2026-04-22 14:26:07,Published
Camera Courses For Beginners - Week 1 of 3 - Coventry 14-10,2026-10-14,19:00:00,2026-10-14,21:00:00,"beginners-courses,beginners-photography,courses-near-me,enrol-date,location-coventry",,09/03/2026Coventry - 3-week camera courses for beginners - Everything to get off Automatic mode and learn how to be more creative with Composition and Camera,Alan Ranger Photography,"45 Hathaway Road, Coventry, England, CV4 9HW, United Kingdom",CV4 9HW,https://www.alanranger.com/beginners-photography-lessons/camera-courses-for-beginners-coventry-7breh,https://images.squarespace-cdn.com/content/v1/5013f4b2c4aaa4752ac69b17/1629536412755-A3NEF7ZNBOQ1044I8WVM/beginners-photography-courses.jpg,,2026-04-22 14:30:17,Published
Camera Courses For Beginners - Week 2 of 3 - Coventry 19-10,2026-10-19,19:00:00,2026-10-19,21:00:00,"beginners-courses,beginners-photography,courses-near-me,location-coventry","camera-settings,composition,exposure,photo-critiques,dslr-settings,Week 2",19/10/2026Coventry - 3-week camera courses for beginners - Everything to get off Automatic mode and learn how to be more creative with Composition and Camera,Coventry,"45 Hathaway Road, Coventry, England, CV4 9HW, United Kingdom",CV4 9HW,https://www.alanranger.com/beginners-photography-lessons/camera-courses-for-beginners-coventry-4pp2p,https://images.squarespace-cdn.com/content/v1/5013f4b2c4aaa4752ac69b17/1629536412755-A3NEF7ZNBOQ1044I8WVM/beginners-photography-courses.jpg,,2026-04-22 14:26:36,Published
Camera Courses For Beginners - Week 2 of 3 - Coventry 21-10,2026-10-21,19:00:00,2026-10-21,21:00:00,"beginners-courses,beginners-photography,courses-near-me,location-coventry","camera-settings,composition,exposure,photo-critiques,dslr-settings,Week 2",16/03/2026Coventry - 3-week camera courses for beginners - Everything to get off Automatic mode and learn how to be more creative with Composition and Camera,Coventry,"45 Hathaway Road, Coventry, England, CV4 9HW, United Kingdom",CV4 9HW,https://www.alanranger.com/beginners-photography-lessons/camera-courses-for-beginners-coventry-hl4tm,https://images.squarespace-cdn.com/content/v1/5013f4b2c4aaa4752ac69b17/1629536412755-A3NEF7ZNBOQ1044I8WVM/beginners-photography-courses.jpg,,2026-04-22 14:30:42,Published
Camera Courses For Beginners - Week 3 of 3 - Coventry 26-10,2026-10-26,19:00:00,2026-10-26,21:00:00,"beginners-courses,beginners-photography,courses-near-me,location-coventry","camera-settings,composition,exposure,photo-critiques,dslr-settings,Week 2",26/10/2026Coventry - 3-week camera courses for beginners - Everything to get off Automatic mode and learn how to be more creative with Composition and Camera,Coventry,"45 Hathaway Road, Coventry, England, CV4 9HW, United Kingdom",CV4 9HW,https://www.alanranger.com/beginners-photography-lessons/camera-courses-for-beginners-coventry-8s2ka,https://images.squarespace-cdn.com/content/v1/5013f4b2c4aaa4752ac69b17/1629536412755-A3NEF7ZNBOQ1044I8WVM/beginners-photography-courses.jpg,,2026-04-22 14:26:57,Published
Camera Courses For Beginners - Week 3 of 3 - Coventry 28-10,2026-10-28,19:00:00,2026-10-28,21:00:00,"beginners-courses,beginners-photography,courses-near-me,location-coventry","camera-settings,composition,exposure,photo-critiques,dslr-settings",23/03/2026Coventry - 3-week camera courses for beginners - Everything to get off Automatic mode and learn how to be more creative with Composition and Camera,Coventry,"45 Hathaway Road, Coventry, England, CV4 9HW, United Kingdom",CV4 9HW,https://www.alanranger.com/beginners-photography-lessons/camera-courses-for-beginners-coventry-s2klg,https://images.squarespace-cdn.com/content/v1/5013f4b2c4aaa4752ac69b17/1629536412755-A3NEF7ZNBOQ1044I8WVM/beginners-photography-courses.jpg,,2026-04-22 14:30:59,Published
Camera Courses For Beginners - Week 1 of 3 - Coventry 9-11,2026-11-09,19:00:00,2026-11-09,21:00:00,"beginners-courses,beginners-photography,courses-near-me,enrol-date,location-coventry","camera-settings,composition,exposure,photo-critiques,dslr-settings,Week-1",09/11/2026Coventry - 3-week camera courses for beginners - Everything to get off Automatic mode and learn how to be more creative with Composition and Camera,Coventry,"45 Hathaway Road, Coventry, England, CV4 9HW, United Kingdom",CV4 9HW,https://www.alanranger.com/beginners-photography-lessons/camera-courses-for-beginners-coventry-oct1,https://images.squarespace-cdn.com/content/v1/5013f4b2c4aaa4752ac69b17/1629536412755-A3NEF7ZNBOQ1044I8WVM/beginners-photography-courses.jpg,,2026-06-29 12:18:01,Published
Lightroom Classic Photo Editing Classes - Week 1 of 3 -12-11,2026-11-12,19:00:00,2026-11-12,21:00:00,"beginners-lightroom,courses-near-me,enrol-date,location-coventry","collections,composition,exporting,exposure,lightroom,photo-critiques,photo-editing,photoshop,Week-1",12/11/2026Coventry - Lightroom photo editing classes - Learn how to use Lightroom Classic on this 3-week course. From the organisation and workflow to editing,Coventry,"45 Hathaway Road, Coventry, England, CV4 9HW, United Kingdom",CV4 9HW,https://www.alanranger.com/beginners-photography-lessons/lightroom-photo-editing-classes-wk1-kdh5k,https://images.squarespace-cdn.com/content/v1/5013f4b2c4aaa4752ac69b17/1675589565448-JHL9406XQ7598QHPOLW5/-LIGHTROOM+COURSE+BLACK.png,,2026-01-12 14:52:07,Published
Camera Courses For Beginners - Week 2 of 3 - Coventry 16-11,2026-11-16,19:00:00,2026-11-16,21:00:00,"beginners-courses,beginners-photography,courses-near-me,location-coventry","camera-settings,composition,exposure,photo-critiques,dslr-settings,Week 2",16/11/2026Coventry - 3-week camera courses for beginners - Everything to get off Automatic mode and learn how to be more creative with Composition and Camera,Coventry,"45 Hathaway Road, Coventry, England, CV4 9HW, United Kingdom",CV4 9HW,https://www.alanranger.com/beginners-photography-lessons/camera-courses-for-beginners-coventry-oct2,https://images.squarespace-cdn.com/content/v1/5013f4b2c4aaa4752ac69b17/1629536412755-A3NEF7ZNBOQ1044I8WVM/beginners-photography-courses.jpg,,2026-06-29 12:18:33,Published
Lightroom Classic Photo Editing Classes - Week 2 of 3 -19-11,2026-11-19,19:00:00,2026-11-19,21:00:00,"beginners-lightroom,courses-near-me,location-coventry","collections,composition,exporting,exposure,lightroom,photo-critiques,photo-editing,photoshop",19/11/2026Coventry - Lightroom photo editing classes - Learn how to use Lightroom Classic on this 3-week course. From the organisation and workflow to editing,Coventry,"45 Hathaway Road, Coventry, England, CV4 9HW, United Kingdom",CV4 9HW,https://www.alanranger.com/beginners-photography-lessons/lightroom-photo-editing-classes-wk2-n8l4l,https://images.squarespace-cdn.com/content/v1/5013f4b2c4aaa4752ac69b17/1675589565448-JHL9406XQ7598QHPOLW5/-LIGHTROOM+COURSE+BLACK.png,,2026-01-12 14:51:58,Published
Camera Courses For Beginners - Week 3 of 3 - Coventry 23-11,2026-11-23,19:00:00,2026-11-23,21:00:00,"beginners-courses,beginners-photography,courses-near-me,location-coventry","camera-settings,composition,exposure,photo-critiques,dslr-settings",23/11/2026Coventry - 3-week camera courses for beginners - Everything to get off Automatic mode and learn how to be more creative with Composition and Camera,Coventry,"45 Hathaway Road, Coventry, England, CV4 9HW, United Kingdom",CV4 9HW,https://www.alanranger.com/beginners-photography-lessons/camera-courses-for-beginners-coventry-oct3,https://images.squarespace-cdn.com/content/v1/5013f4b2c4aaa4752ac69b17/1629536412755-A3NEF7ZNBOQ1044I8WVM/beginners-photography-courses.jpg,,2026-06-29 12:19:02,Published
Lightroom Classic Photo Editing Classes - Week 3 of 3 -26-11,2026-11-26,19:00:00,2026-11-26,21:00:00,"beginners-lightroom,courses-near-me,location-coventry","collections,composition,exporting,exposure,lightroom,photo-critiques,photo-editing,photoshop",26/11/2026Coventry - Lightroom photo editing classes - Learn how to use Lightroom Classic on this 3-week course. From the organisation and workflow to editing,Coventry,"45 Hathaway Road, Coventry, England, CV4 9HW, United Kingdom",CV4 9HW,https://www.alanranger.com/beginners-photography-lessons/lightroom-photo-editing-classes-wk3-7cd64,https://images.squarespace-cdn.com/content/v1/5013f4b2c4aaa4752ac69b17/1675589565448-JHL9406XQ7598QHPOLW5/-LIGHTROOM+COURSE+BLACK.png,,2026-01-12 14:53:40,Published
Camera Courses For Beginners - Week 1 of 3 - Coventry 1-12,2026-12-01,19:00:00,2026-12-01,21:00:00,"beginners-courses,beginners-photography,courses-near-me,location-coventry,enrol-date","camera-settings,composition,exposure,photo-critiques,dslr-settings,Week-1",01/12/2026Coventry - 3-week camera courses for beginners - Everything to get off Automatic mode and learn how to be more creative with Composition and Camera,Coventry,"45 Hathaway Road, Coventry, England, CV4 9HW, United Kingdom",CV4 9HW,https://www.alanranger.com/beginners-photography-lessons/camera-courses-for-beginners-coventry-wc34j,https://images.squarespace-cdn.com/content/v1/5013f4b2c4aaa4752ac69b17/1629536412755-A3NEF7ZNBOQ1044I8WVM/beginners-photography-courses.jpg,,2026-06-29 12:19:57,Published
Camera Courses For Beginners - Week 2 of 3 - Coventry 8-12,2026-12-08,19:00:00,2026-12-08,21:00:00,"beginners-courses,beginners-photography,courses-near-me,location-coventry","camera-settings,composition,exposure,photo-critiques,dslr-settings,Week 2",08/12/2026Coventry - 3-week camera courses for beginners - Everything to get off Automatic mode and learn how to be more creative with Composition and Camera,Coventry,"45 Hathaway Road, Coventry, England, CV4 9HW, United Kingdom",CV4 9HW,https://www.alanranger.com/beginners-photography-lessons/camera-courses-for-beginners-coventry-hnp3g,https://images.squarespace-cdn.com/content/v1/5013f4b2c4aaa4752ac69b17/1629536412755-A3NEF7ZNBOQ1044I8WVM/beginners-photography-courses.jpg,,2026-06-29 12:20:18,Published
Camera Courses For Beginners - Week 3 of 3 - Coventry 15-12,2026-12-15,19:00:00,2026-12-15,21:00:00,"beginners-courses,beginners-photography,courses-near-me,location-coventry","camera-settings,composition,exposure,photo-critiques,dslr-settings",15/12/2026Coventry - 3-week camera courses for beginners - Everything to get off Automatic mode and learn how to be more creative with Composition and Camera,Coventry,"45 Hathaway Road, Coventry, England, CV4 9HW, United Kingdom",CV4 9HW,https://www.alanranger.com/beginners-photography-lessons/camera-courses-for-beginners-coventry-mw83l,https://images.squarespace-cdn.com/content/v1/5013f4b2c4aaa4752ac69b17/1629536412755-A3NEF7ZNBOQ1044I8WVM/beginners-photography-courses.jpg,,2026-06-29 12:20:35,Published
Lightroom Classic Photo Editing Classes -Week 1 of 3 -12-1,2027-01-12,19:00:00,2027-01-12,21:00:00,"beginners-lightroom,courses-near-me,enrol-date,location-coventry","collections,composition,exporting,exposure,lightroom,photo-critiques,photo-editing,photoshop,Week-1",12/01/2027Coventry - Lightroom photo editing classes - Learn how to use Lightroom Classic on this 3-week course. From the organisation and workflow to editing,Coventry,"45 Hathaway Road, Coventry, England, CV4 9HW, United Kingdom",CV4 9HW,https://www.alanranger.com/beginners-photography-lessons/lightroom-photo-editing-classes-wk1-xx94r,https://images.squarespace-cdn.com/content/v1/5013f4b2c4aaa4752ac69b17/1675589565448-JHL9406XQ7598QHPOLW5/-LIGHTROOM+COURSE+BLACK.png,,2026-06-29 12:06:43,Published
Camera Courses For Beginners - Week 1 of 3 - Coventry- 13-1,2027-01-13,19:00:00,2027-01-13,21:00:00,"beginners-courses,beginners-photography,courses-near-me,enrol-date,location-coventry","camera-settings,composition,exposure,photo-critiques,dslr-settings,Week-1",02/06/2026Coventry - 3-week camera courses for beginners - Everything to get off Automatic mode and learn how to be more creative with Composition and Camera,Coventry,"45 Hathaway Road, Coventry, England, CV4 9HW, United Kingdom",CV4 9HW,https://www.alanranger.com/beginners-photography-lessons/camera-courses-for-beginners-coventry-bds4t,https://images.squarespace-cdn.com/content/v1/5013f4b2c4aaa4752ac69b17/1629536412755-A3NEF7ZNBOQ1044I8WVM/beginners-photography-courses.jpg,,2026-06-29 12:21:17,Published
Lightroom Classic Photo Editing Classes -Week 2 of 3 - 19-1,2027-01-19,19:00:00,2027-01-19,21:00:00,"beginners-lightroom,courses-near-me,location-coventry","collections,composition,exporting,exposure,lightroom,photo-critiques,photo-editing,photoshop",19/01/2027Coventry - Lightroom photo editing classes - Learn how to use Lightroom Classic on this 3-week course. From the organisation and workflow to editing,Coventry,"45 Hathaway Road, Coventry, England, CV4 9HW, United Kingdom",CV4 9HW,https://www.alanranger.com/beginners-photography-lessons/lightroom-photo-editing-classes-wk2-55f3d,https://images.squarespace-cdn.com/content/v1/5013f4b2c4aaa4752ac69b17/1675589565448-JHL9406XQ7598QHPOLW5/-LIGHTROOM+COURSE+BLACK.png,,2026-06-29 12:07:05,Published
Camera Courses For Beginners - Week 2 of 3 - Coventry 20-1,2027-01-20,19:00:00,2027-01-20,21:00:00,"beginners-courses,beginners-photography,courses-near-me,location-coventry","camera-settings,composition,exposure,photo-critiques,dslr-settings,Week 2",09/06/2026Coventry - 3-week camera courses for beginners - Everything to get off Automatic mode and learn how to be more creative with Composition and Camera,Coventry,"45 Hathaway Road, Coventry, England, CV4 9HW, United Kingdom",CV4 9HW,https://www.alanranger.com/beginners-photography-lessons/camera-courses-for-beginners-coventry-2sj27,https://images.squarespace-cdn.com/content/v1/5013f4b2c4aaa4752ac69b17/1629536412755-A3NEF7ZNBOQ1044I8WVM/beginners-photography-courses.jpg,,2026-06-29 12:21:35,Published
Lightroom Classic Photo Editing Classes -Week 3 of 3 - 26-1,2027-01-26,19:00:00,2027-01-26,21:00:00,"beginners-lightroom,courses-near-me,location-coventry","collections,composition,exporting,exposure,lightroom,photo-critiques,photo-editing,photoshop",26/01/2027Coventry - Lightroom photo editing classes - Learn how to use Lightroom Classic on this 3-week course. From the organisation and workflow to editing,Coventry,"45 Hathaway Road, Coventry, England, CV4 9HW, United Kingdom",CV4 9HW,https://www.alanranger.com/beginners-photography-lessons/lightroom-photo-editing-classes-wk3-42ynf,https://images.squarespace-cdn.com/content/v1/5013f4b2c4aaa4752ac69b17/1675589565448-JHL9406XQ7598QHPOLW5/-LIGHTROOM+COURSE+BLACK.png,,2026-06-29 12:07:22,Published
Camera Courses For Beginners - Week 1 of 3 - Coventry 27-1,2027-01-27,19:00:00,2027-01-27,21:00:00,"beginners-courses,beginners-photography,enrol-date,location-coventry,courses-near-me","camera-settings,exposure,photo-critiques,dslr-settings,Week-1",11/06/2026Coventry - 3-week camera courses for beginners - Everything to get off Automatic mode and learn how to be more creative with Composition and Camera,Alan Ranger Photography,"45 Hathaway Road, Coventry, West Midlands, CV4 9HW, United Kingdom",CV4 9HW,https://www.alanranger.com/beginners-photography-lessons/camera-courses-for-beginners-week-1,https://images.squarespace-cdn.com/content/v1/5013f4b2c4aaa4752ac69b17/1739790053633-OK80ELPCAKC96CKJLXA3/beginners-photography-courses.jpg,,2026-06-29 12:21:52,Published
Camera Courses For Beginners - Week 1 of 3 - Coventry 28-1,2027-01-28,19:00:00,2027-01-28,21:00:00,"beginners-courses,beginners-photography,courses-near-me,location-coventry,enrol-date","camera-settings,composition,exposure,photo-critiques,dslr-settings",28/01/2027Coventry - 3-week camera courses for beginners - Everything to get off Automatic mode and learn how to be more creative with Composition and Camera,Coventry,"45 Hathaway Road, Coventry, England, CV4 9HW, United Kingdom",CV4 9HW,https://www.alanranger.com/beginners-photography-lessons/camera-courses-for-beginners-coventry-2k99k,https://images.squarespace-cdn.com/content/v1/5013f4b2c4aaa4752ac69b17/1629536412755-A3NEF7ZNBOQ1044I8WVM/beginners-photography-courses.jpg,,2026-06-29 12:25:22,Published
Camera Courses For Beginners - Week 2 of 3 - Coventry 4-2,2027-02-04,19:00:00,2027-02-04,21:00:00,"beginners-courses,beginners-photography,courses-near-me,location-coventry","camera-settings,exposure,photo-critiques,dslr-settings,Week 2",04/02/2027Coventry - 3-week camera courses for beginners - Everything to get off Automatic mode and learn how to be more creative with Composition and Camera,Alan Ranger Photography,"45 Hathaway Road, Coventry, West Midlands, CV4 9HW, United Kingdom",CV4 9HW,https://www.alanranger.com/beginners-photography-lessons/camera-courses-for-beginners-wk2,https://images.squarespace-cdn.com/content/v1/5013f4b2c4aaa4752ac69b17/1739790053633-OK80ELPCAKC96CKJLXA3/beginners-photography-courses.jpg,,2026-06-29 12:25:47,Published
Camera Courses For Beginners - Week 3 of 3 Coventry - 11-2,2027-02-11,19:00:00,2027-02-11,21:00:00,"beginners-courses,beginners-photography,courses-near-me,location-coventry","camera-settings,dslr-settings,photo-critiques,exposure",11/02/2027Coventry - 3-week camera courses for beginners - Everything to get off Automatic mode and learn how to be more creative with Composition and Camera,Alan Ranger Photography,"45 Hathaway Road, Coventry, West Midlands, CV4 9HW, United Kingdom",CV4 9HW,https://www.alanranger.com/beginners-photography-lessons/camera-courses-for-beginners-week-3,https://images.squarespace-cdn.com/content/v1/5013f4b2c4aaa4752ac69b17/1739790053633-OK80ELPCAKC96CKJLXA3/beginners-photography-courses.jpg,,2026-06-29 12:26:14,Published
Lightroom Classic Photo Editing Classes - Week 1 of 3 - 6-5,2027-05-06,19:00:00,2027-05-06,21:00:00,"beginners-lightroom,courses-near-me,enrol-date,location-coventry","collections,composition,exporting,exposure,lightroom,photo-critiques,photo-editing,photoshop,Week-1",06/05/2027Coventry - Lightroom photo editing classes - Learn how to use Lightroom Classic on this 3-week course. From the organisation and workflow to editing,Coventry,"45 Hathaway Road, Coventry, England, CV4 9HW, United Kingdom",CV4 9HW,https://www.alanranger.com/beginners-photography-lessons/lightroom-photo-editing-classes-wk1-rrkhn,https://images.squarespace-cdn.com/content/v1/5013f4b2c4aaa4752ac69b17/1675589565448-JHL9406XQ7598QHPOLW5/-LIGHTROOM+COURSE+BLACK.png,,2026-06-29 12:07:54,Published
Lightroom Classic Photo Editing Classes - Week 2 of 3 - 13-5,2027-05-13,19:00:00,2027-05-13,21:00:00,"beginners-lightroom,courses-near-me,location-coventry","collections,composition,exporting,exposure,lightroom,photo-critiques,photo-editing,photoshop",13/05/2027Coventry - Lightroom photo editing classes - Learn how to use Lightroom Classic on this 3-week course. From the organisation and workflow to editing,Coventry,"45 Hathaway Road, Coventry, England, CV4 9HW, United Kingdom",CV4 9HW,https://www.alanranger.com/beginners-photography-lessons/lightroom-photo-editing-classes-wk2-y3262,https://images.squarespace-cdn.com/content/v1/5013f4b2c4aaa4752ac69b17/1675589565448-JHL9406XQ7598QHPOLW5/-LIGHTROOM+COURSE+BLACK.png,,2026-06-29 12:08:22,Published
Lightroom Classic Photo Editing Classes - Week 3 of 3 - 20-5,2027-05-20,19:00:00,2027-05-20,21:00:00,"beginners-lightroom,courses-near-me,location-coventry","collections,composition,exporting,exposure,lightroom,photo-critiques,photo-editing,photoshop",20/05/2027Coventry - Lightroom photo editing classes - Learn how to use Lightroom Classic on this 3-week course. From the organisation and workflow to editing,Coventry,"45 Hathaway Road, Coventry, England, CV4 9HW, United Kingdom",CV4 9HW,https://www.alanranger.com/beginners-photography-lessons/lightroom-photo-editing-classes-wk3-9b3t3,https://images.squarespace-cdn.com/content/v1/5013f4b2c4aaa4752ac69b17/1675589565448-JHL9406XQ7598QHPOLW5/-LIGHTROOM+COURSE+BLACK.png,,2026-06-29 12:08:45,Published
Camera Courses For Beginners - Week 3 of 3 - Coventry 20-7,2026-07-20,19:00:00,2026-07-20,21:00:00,"beginners-courses,beginners-photography,courses-near-me,location-coventry","camera-settings,composition,exposure,photo-critiques,dslr-settings",20/07/2026Coventry - 3-week camera courses for beginners - Everything to get off Automatic mode and learn how to be more creative with Composition and Camera,Coventry,"45 Hathaway Road, Coventry, England, CV4 9HW, United Kingdom",CV4 9HW,https://www.alanranger.com/beginners-photography-lessons/camera-courses-for-beginners-coventry-be4sb,https://images.squarespace-cdn.com/content/v1/5013f4b2c4aaa4752ac69b17/1629536412755-A3NEF7ZNBOQ1044I8WVM/beginners-photography-courses.jpg,,2026-02-23 18:09:00,Published
Camera Courses For Beginners - Week 3 of 3 - Coventry 15-7,2026-07-15,19:00:00,2026-07-15,21:00:00,"beginners-courses,beginners-photography,courses-near-me,location-coventry","camera-settings,composition,exposure,photo-critiques,dslr-settings,Week 2",15/07/2026Coventry - 3-week camera courses for beginners - Everything to get off Automatic mode and learn how to be more creative with Composition and Camera,Coventry,"45 Hathaway Road, Coventry, England, CV4 9HW, United Kingdom",CV4 9HW,https://www.alanranger.com/beginners-photography-lessons/camera-courses-for-beginners-coventry-nhjlm,https://images.squarespace-cdn.com/content/v1/5013f4b2c4aaa4752ac69b17/1629536412755-A3NEF7ZNBOQ1044I8WVM/beginners-photography-courses.jpg,,2026-02-23 18:11:34,Published
Camera Courses For Beginners - Week 2 of 3 - Coventry 13-7,2026-07-13,19:00:00,2026-07-13,21:00:00,"beginners-courses,beginners-photography,courses-near-me,location-coventry","camera-settings,composition,exposure,photo-critiques,dslr-settings,Week 2",13/07/2026Coventry - 3-week camera courses for beginners - Everything to get off Automatic mode and learn how to be more creative with Composition and Camera,Coventry,"45 Hathaway Road, Coventry, England, CV4 9HW, United Kingdom",CV4 9HW,https://www.alanranger.com/beginners-photography-lessons/camera-courses-for-beginners-coventry-,https://images.squarespace-cdn.com/content/v1/5013f4b2c4aaa4752ac69b17/1629536412755-A3NEF7ZNBOQ1044I8WVM/beginners-photography-courses.jpg,,2026-02-23 18:08:11,Published
Camera Courses For Beginners - Week 2 of 3 - Coventry 8-7,2026-07-08,19:00:00,2026-07-08,21:00:00,"beginners-courses,beginners-photography,courses-near-me,location-coventry","camera-settings,composition,exposure,photo-critiques,dslr-settings,Week 2",08/07/2026Coventry - 3-week camera courses for beginners - Everything to get off Automatic mode and learn how to be more creative with Composition and Camera,Coventry,"45 Hathaway Road, Coventry, England, CV4 9HW, United Kingdom",CV4 9HW,https://www.alanranger.com/beginners-photography-lessons/camera-courses-for-beginners-coventry-dg9pz,https://images.squarespace-cdn.com/content/v1/5013f4b2c4aaa4752ac69b17/1629536412755-A3NEF7ZNBOQ1044I8WVM/beginners-photography-courses.jpg,,2026-02-23 18:11:00,Published
Camera Courses For Beginners - Week 1 of 3 - Coventry 6-7,2026-07-06,19:00:00,2026-07-06,21:00:00,"beginners-courses,beginners-photography,courses-near-me,enrol-date,location-coventry","camera-settings,composition,exposure,photo-critiques,dslr-settings,Week-1",06/07/2026Coventry - 3-week camera courses for beginners - Everything to get off Automatic mode and learn how to be more creative with Composition and Camera,Coventry,"45 Hathaway Road, Coventry, England, CV4 9HW, United Kingdom",CV4 9HW,https://www.alanranger.com/beginners-photography-lessons/camera-courses-for-beginners-coventry-wk1,https://images.squarespace-cdn.com/content/v1/5013f4b2c4aaa4752ac69b17/1629536412755-A3NEF7ZNBOQ1044I8WVM/beginners-photography-courses.jpg,,2026-02-23 18:07:12,Published
Camera Courses For Beginners - Week 1 of 3 - Coventry 1-7,2026-07-01,19:00:00,2026-07-01,21:00:00,"beginners-courses,beginners-photography,courses-near-me,enrol-date,location-coventry","camera-settings,composition,exposure,photo-critiques,dslr-settings,Week-1",01/07/2026Coventry - 3-week camera courses for beginners - Everything to get off Automatic mode and learn how to be more creative with Composition and Camera,Coventry,"45 Hathaway Road, Coventry, England, CV4 9HW, United Kingdom",CV4 9HW,https://www.alanranger.com/beginners-photography-lessons/camera-courses-for-beginners-coventry-2n74k,https://images.squarespace-cdn.com/content/v1/5013f4b2c4aaa4752ac69b17/1629536412755-A3NEF7ZNBOQ1044I8WVM/beginners-photography-courses.jpg,,2026-02-23 18:10:26,Published
RPS Courses - RPS Distinctions Course - Enrol Anytime -1-4,2026-04-01,19:00:00,2026-04-01,21:00:00,"rps-classes,location-online","composition,lightroom,photo-critiques,photo-editing,photoshop,rps",01/04/2026RPS Courses - RPS Distinctions - Enrol Anytime - Online Mentoring sessions to gain a distinction with the Royal Photographic Society via Zoom,Online - Virtual Class - Zoom Meeting,United Kingdom,,https://www.alanranger.com/beginners-photography-lessons/rps-courses-rps-distinctions-mentoring-2,https://images.squarespace-cdn.com/content/v1/5013f4b2c4aaa4752ac69b17/1685445150893-KNP35P159NIWH07BZSXM/RPS-Distinctions-photography-course.jpg,,2025-11-04 18:14:17,Published
RPS Courses - RPS Distinctions Course - Enrol Anytime -3-3,2026-03-03,19:00:00,2026-03-03,21:00:00,"rps-classes,location-online","composition,lightroom,photo-critiques,photo-editing,photoshop,rps",03/03/2026RPS Courses - RPS Distinctions - Enrol Anytime - Online Mentoring sessions to gain a distinction with the Royal Photographic Society via Zoom,Online - Virtual Class - Zoom Meeting,United Kingdom,,https://www.alanranger.com/beginners-photography-lessons/rps-courses-rps-distinctions-mentoring-1,https://images.squarespace-cdn.com/content/v1/5013f4b2c4aaa4752ac69b17/1685445150893-KNP35P159NIWH07BZSXM/RPS-Distinctions-photography-course.jpg,,2025-11-04 18:12:20,Published
RPS Courses - RPS Distinctions Course - Enrol Anytime-3-2,2026-02-03,19:00:00,2026-02-03,21:00:00,"rps-classes,location-online","composition,lightroom,photo-critiques,photo-editing,photoshop,rps",03/02/2026RPS Courses - RPS Distinctions - Enrol Anytime - Online Mentoring sessions to gain a distinction with the Royal Photographic Society via Zoom,Online - Virtual Class - Zoom Meeting,United Kingdom,,https://www.alanranger.com/beginners-photography-lessons/rps-courses-rps-distinctions-mentoring-5,https://images.squarespace-cdn.com/content/v1/5013f4b2c4aaa4752ac69b17/1685445150893-KNP35P159NIWH07BZSXM/RPS-Distinctions-photography-course.jpg,,2025-11-04 18:10:49,Published
RPS Courses - RPS Distinctions Course - Enrol Anytime - 5-1,2026-01-05,19:00:00,2026-01-05,21:00:00,"rps-classes,location-online","composition,lightroom,photo-critiques,photo-editing,photoshop,rps",05/01/2026RPS Courses - RPS Distinctions - Enrol Anytime - Online Mentoring sessions to gain a distinction with the Royal Photographic Society via Zoom,Online - Virtual Class - Zoom Meeting,United Kingdom,,https://www.alanranger.com/beginners-photography-lessons/rps-courses-rps-distinctions-mentoring-4,https://images.squarespace-cdn.com/content/v1/5013f4b2c4aaa4752ac69b17/1685445150893-KNP35P159NIWH07BZSXM/RPS-Distinctions-photography-course.jpg,,2025-11-04 18:10:16,Published
RPS Courses - RPS Distinctions Course - Enrol Anytime -1-12,2025-12-01,19:00:00,2025-12-01,21:00:00,"rps-classes,location-online","composition,lightroom,photo-critiques,photo-editing,photoshop,rps",01/12/2025RPS Courses - RPS Distinctions - Enrol Anytime - Online Mentoring sessions to gain a distinction with the Royal Photographic Society via Zoom,Online - Virtual Class - Zoom Meeting,United Kingdom,,https://www.alanranger.com/beginners-photography-lessons/rps-courses-rps-distinctions-mentoring-3,https://images.squarespace-cdn.com/content/v1/5013f4b2c4aaa4752ac69b17/1685445150893-KNP35P159NIWH07BZSXM/RPS-Distinctions-photography-course.jpg,,2025-07-27 18:35:45,Published
RPS Courses - RPS Distinctions Course - Enrol Anytime - 6-11,2025-11-06,19:00:00,2025-11-06,21:00:00,"rps-classes,location-online","composition,lightroom,photo-critiques,photo-editing,photoshop,rps",06/11/2025RPS Courses - RPS Distinctions - Enrol Anytime - Online Mentoring sessions to gain a distinction with the Royal Photographic Society via Zoom,Online - Virtual Class - Zoom Meeting,United Kingdom,,https://www.alanranger.com/beginners-photography-lessons/rps-courses-rps-distinctions-mentoring-6,https://images.squarespace-cdn.com/content/v1/5013f4b2c4aaa4752ac69b17/1685445150893-KNP35P159NIWH07BZSXM/RPS-Distinctions-photography-course.jpg,,2025-07-27 18:33:44,Published